
INSERT INTO administracio.PERSONA VALUES(39217333,'Miquel','Cervantes','Peron','1952-02-29','640294390','mcervantes@mail.cat');
INSERT INTO administracio.PERSONA VALUES(49076345,'Guillem','Miller','Grey','1945-09-16','611969044','gmiller@mail.cat');
INSERT INTO administracio.PERSONA VALUES(63827345,'Laura','Ruíz','Pilos','1980-12-26','600973253','pruiz@mail.cat');
INSERT INTO administracio.PERSONA VALUES(64823678,'Albert','Fraser','Soto','1980-07-10','685201776','asoto@mail.cat');
INSERT INTO administracio.PERSONA VALUES(44024679,'Joan','Andreu','Puig','1968-06-22','633793359','jandreu@mail.cat');
INSERT INTO administracio.PERSONA VALUES(34024678,'Sonia','Fernández','Moya','1967-06-23','621790059','mfernandez@mail.cat');
INSERT INTO administracio.PERSONA VALUES(38702232,'Marta','Roig','Ruent','1955-08-08','677013317','rroig@mail.cat');
INSERT INTO administracio.PERSONA VALUES(43827345,'Pere','Rocafort','Peris','1977-11-16','633970053','procafort@mail.cat');
INSERT INTO administracio.PERSONA VALUES(38002245,'Vicenç','Santis','Valls','1972-05-22','625791452','vsantis@mail.cat');
INSERT INTO administracio.PERSONA VALUES(46658496,'Santi','Muntaner','Silo','1952-02-01','677657661','smuntaner@mail.cat');
INSERT INTO administracio.PERSONA VALUES(33317322,'Ian','Villalba','Lopez','1964-04-19','655294344','ivillalba@mail.cat');
INSERT INTO administracio.PERSONA VALUES(39076322,'Guim','Morros','Grau','1999-10-23','655969021','gmorros@mail.cat');
INSERT INTO administracio.PERSONA VALUES(48004645,'Rosa','Serrano','Vallejo','1960-05-21','684991452','vserrano@mail.cat');
INSERT INTO administracio.PERSONA VALUES(36658456,'Santos','Domin','Suarez','1942-01-01','660657471','sdomin@mail.cat');
INSERT INTO administracio.PERSONA VALUES(38702444,'Anna','Neal','Grau','1940-06-18','680010217','ngrau@mail.cat');
INSERT INTO administracio.PERSONA VALUES(45322441,'Eli','Clua','Sort','1968-09-28','666078212','eclua@mail.cat');
INSERT INTO administracio.PERSONA VALUES(43995635,'Roser','Font','Vila','1958-05-16','680434822','rfont@mail.cat');
INSERT INTO administracio.PERSONA VALUES(34663678,'Andreu','Vilanova','Mao','1981-12-11','677201723','avilanova@mail.cat');
INSERT INTO administracio.PERSONA VALUES(34835338,'Elna','Barranco','Armengol','1976-11-12','654411227','ebarranco@mail.cat');
INSERT INTO administracio.PERSONA VALUES(30995635,'Maria','Laguía','Llopis','1956-05-16','680862482','mlaguia@mail.cat');
INSERT INTO administracio.PERSONA VALUES(74835998,'Ester','Benítez','Armos','1957-10-05','654811767','ebenitez@mail.cat');
INSERT INTO administracio.METGE VALUES(43995635,'Oncologia');
INSERT INTO administracio.METGE VALUES(34663678,'Pedriatria');
INSERT INTO administracio.METGE VALUES(34835338,'Traumatologia');
INSERT INTO administracio.METGE VALUES(30995635,'Hematologia');
INSERT INTO administracio.METGE VALUES(74835998,'Dermatologia');
INSERT INTO administracio.PACIENT VALUES(38702232,'2812145679','D');
INSERT INTO administracio.PACIENT VALUES(43827345,'8912145679','H');
INSERT INTO administracio.PACIENT VALUES(38002245,'8222145179','H');
INSERT INTO administracio.PACIENT VALUES(46658496,'2222134159','H');
INSERT INTO administracio.PACIENT VALUES(33317322,'8222445559','H');
INSERT INTO administracio.PACIENT VALUES(39076322,'8116145189','H');
INSERT INTO administracio.PACIENT VALUES(48004645,'8667145179','D');
INSERT INTO administracio.PACIENT VALUES(36658456,'8222143372','H');
INSERT INTO administracio.PACIENT VALUES(38702444,'2222143277','D');
INSERT INTO administracio.PACIENT VALUES(45322441,'8233141277','D');
INSERT INTO administracio.TECNIC VALUES(39217333,'2000-03-29');
INSERT INTO administracio.TECNIC VALUES(49076345,'2001-07-25');
INSERT INTO administracio.TECNIC VALUES(63827345,'1992-12-16');
INSERT INTO administracio.TECNIC VALUES(64823678,'1986-08-10');
INSERT INTO administracio.TECNIC VALUES(44024679,'1970-06-22');
INSERT INTO administracio.TECNIC VALUES(34024678,'1983-04-13');
INSERT INTO administracio.PROVEIDOR VALUES ('S0794867B', 'BIO BENCK', '656013323', 'biobenck@mail.com');
INSERT INTO administracio.PROVEIDOR VALUES ('B67657189', 'MERCH', '666773388', 'merch@mail.com');
INSERT INTO administracio.PROVEIDOR VALUES ('B13829940', 'QUIMIPU SLU', '636723318', 'quimipu@mail.com');
INSERT INTO administracio.PROVEIDOR VALUES ('D48465058', 'ABBOTI', '635553322', 'abboti@mail.com');
INSERT INTO administracio.PROVEIDOR VALUES ('S5222498G', 'ROVHI', '635555656', 'rochi@mail.com');
INSERT INTO administracio.PROVEIDOR VALUES ('B07633001', 'NOVART', '635123578', 'novart@mail.com');
INSERT INTO administracio.PROVEIDOR VALUES ('B86910650', 'SANOFE', '645123221', 'sanofe@mail.com');
INSERT INTO administracio.PROVEIDOR VALUES ('N4957698F', 'GSKP', '643366771', 'gskp@mail.com');
INSERT INTO administracio.PROVEIDOR VALUES ('G19819226', 'CELGENIUS', '643355224', 'celgenius@mail.com');
INSERT INTO administracio.PROVEIDOR VALUES ('N1350140H', 'PIGER', '655755231', 'piger@mail.com');
INSERT INTO laboratori.MOSTRA VALUES (000000223, 38702232, 'S', '2015-04-23');
INSERT INTO laboratori.MOSTRA VALUES (000000224, 38702232, 'O', '2015-04-23');
INSERT INTO laboratori.MOSTRA VALUES (000000225, 38702232, 'F', '2015-04-23');
INSERT INTO laboratori.MOSTRA VALUES (000000226, 38702232, 'S', '2016-03-13');
INSERT INTO laboratori.MOSTRA VALUES (000000227, 38702232, 'O', '2016-03-13');
INSERT INTO laboratori.MOSTRA VALUES (000000228, 38702232, 'F', '2016-03-13');
INSERT INTO laboratori.MOSTRA VALUES (000000229, 38702232, 'S', '2017-02-22');
INSERT INTO laboratori.MOSTRA VALUES (000000230, 38702232, 'O', '2017-02-22');
INSERT INTO laboratori.MOSTRA VALUES (000000231, 38702232, 'F', '2017-02-22');
INSERT INTO laboratori.MOSTRA VALUES (000000232, 38702232, 'S', '2018-05-18');
INSERT INTO laboratori.MOSTRA VALUES (000000233, 38702232, 'O', '2018-05-18');
INSERT INTO laboratori.MOSTRA VALUES (000000234, 38702232, 'F', '2018-05-18');
INSERT INTO laboratori.MOSTRA VALUES (000000223, 43827345, 'S', '2014-03-23');
INSERT INTO laboratori.MOSTRA VALUES (000000224, 43827345, 'O', '2014-03-23');
INSERT INTO laboratori.MOSTRA VALUES (000000225, 43827345, 'F', '2014-03-23');
INSERT INTO laboratori.MOSTRA VALUES (000000226, 43827345, 'S', '2016-01-23');
INSERT INTO laboratori.MOSTRA VALUES (000000227, 43827345, 'O', '2016-01-23');
INSERT INTO laboratori.MOSTRA VALUES (000000228, 43827345, 'F', '2016-01-23');
INSERT INTO laboratori.MOSTRA VALUES (000000229, 43827345, 'S', '2019-06-02');
INSERT INTO laboratori.MOSTRA VALUES (000000230, 43827345, 'O', '2019-06-02');
INSERT INTO laboratori.MOSTRA VALUES (000000231, 43827345, 'F', '2019-06-02');
INSERT INTO laboratori.MOSTRA VALUES (000000232, 43827345, 'S', '2021-07-06');
INSERT INTO laboratori.MOSTRA VALUES (000000233, 43827345, 'O', '2018-07-06');
INSERT INTO laboratori.MOSTRA VALUES (000000234, 43827345, 'F', '2018-07-06');
INSERT INTO laboratori.MOSTRA VALUES (000000223, 38002245, 'M', '2011-02-23');
INSERT INTO laboratori.MOSTRA VALUES (000000224, 38002245, 'P', '2011-02-23');
INSERT INTO laboratori.MOSTRA VALUES (000000225, 38002245, 'M', '2011-09-13');
INSERT INTO laboratori.MOSTRA VALUES (000000226, 38002245, 'P', '2011-09-13');
INSERT INTO laboratori.MOSTRA VALUES (000000227, 38002245, 'M', '2012-03-15');
INSERT INTO laboratori.MOSTRA VALUES (000000228, 38002245, 'P', '2012-03-15');
INSERT INTO laboratori.MOSTRA VALUES (000000224, 46658496, 'M', '2011-09-10');
INSERT INTO laboratori.MOSTRA VALUES (000000225, 46658496, 'P', '2011-09-10');
INSERT INTO laboratori.MOSTRA VALUES (000000227, 46658496, 'M', '2011-12-19');
INSERT INTO laboratori.MOSTRA VALUES (000000228, 46658496, 'P', '2011-12-19');
INSERT INTO laboratori.MOSTRA VALUES (000000229, 46658496, 'M', '2013-03-25');
INSERT INTO laboratori.MOSTRA VALUES (000000230, 46658496, 'P', '2013-03-25');
INSERT INTO laboratori.MOSTRA VALUES (000000127, 33317322, 'M', '2020-12-05');
INSERT INTO laboratori.MOSTRA VALUES (000000128, 33317322, 'P', '2020-12-05');
INSERT INTO laboratori.MOSTRA VALUES (000000129, 33317322, 'M', '2021-06-15');
INSERT INTO laboratori.MOSTRA VALUES (000000130, 33317322, 'P', '2021-06-15');
INSERT INTO laboratori.MOSTRA VALUES (000000225, 39076322, 'S', '2011-09-10');
INSERT INTO laboratori.MOSTRA VALUES (000000226, 39076322, 'O', '2011-12-19');
INSERT INTO laboratori.MOSTRA VALUES (000000227, 39076322, 'F', '2011-12-19');
INSERT INTO laboratori.MOSTRA VALUES (000000228, 39076322, 'S', '2013-03-25');
INSERT INTO laboratori.MOSTRA VALUES (000000229, 39076322, 'O', '2013-03-25');
INSERT INTO laboratori.MOSTRA VALUES (000000125, 39076322, 'F', '2020-12-05');
INSERT INTO laboratori.MOSTRA VALUES (000000126, 39076322, 'S', '2020-12-05');
INSERT INTO laboratori.MOSTRA VALUES (000000128, 39076322, 'O', '2021-06-18');
INSERT INTO laboratori.MOSTRA VALUES (000000129, 39076322, 'F', '2021-06-18');
INSERT INTO laboratori.MOSTRA VALUES (000000325, 48004645, 'S', '2020-12-19');
INSERT INTO laboratori.MOSTRA VALUES (000000326, 48004645, 'O', '2020-12-19');
INSERT INTO laboratori.MOSTRA VALUES (000000327, 48004645, 'F', '2020-12-19');
INSERT INTO laboratori.MOSTRA VALUES (000000328, 48004645, 'S', '2021-03-25');
INSERT INTO laboratori.MOSTRA VALUES (000000329, 48004645, 'O', '2021-03-25');
INSERT INTO laboratori.MOSTRA VALUES (000000330, 48004645, 'F', '2021-03-25');
INSERT INTO laboratori.MOSTRA VALUES (000000331, 48004645, 'S', '2022-06-19');
INSERT INTO laboratori.MOSTRA VALUES (000000332, 48004645, 'O', '2022-06-19');
INSERT INTO laboratori.MOSTRA VALUES (000000333, 48004645, 'F', '2022-06-19');
INSERT INTO laboratori.MOSTRA VALUES (000000325, 36658456, 'S', '2018-02-27');
INSERT INTO laboratori.MOSTRA VALUES (000000326, 36658456, 'O', '2018-02-27');
INSERT INTO laboratori.MOSTRA VALUES (000000327, 36658456, 'F', '2018-02-27');
INSERT INTO laboratori.MOSTRA VALUES (000000328, 36658456, 'S', '2018-12-19');
INSERT INTO laboratori.MOSTRA VALUES (000000329, 36658456, 'O', '2018-12-19');
INSERT INTO laboratori.MOSTRA VALUES (000000330, 36658456, 'F', '2018-12-19');
INSERT INTO laboratori.MOSTRA VALUES (000000331, 36658456, 'S', '2020-06-12');
INSERT INTO laboratori.MOSTRA VALUES (000000332, 36658456, 'O', '2020-06-12');
INSERT INTO laboratori.MOSTRA VALUES (000000333, 36658456, 'F', '2020-06-12');
INSERT INTO laboratori.MOSTRA VALUES (000000342, 38702444, 'M', '2013-07-12');
INSERT INTO laboratori.MOSTRA VALUES (000000343, 38702444, 'P', '2013-07-12');
INSERT INTO laboratori.MOSTRA VALUES (000000442, 45322441, 'M', '2014-09-11');
INSERT INTO laboratori.MOSTRA VALUES (000000443, 45322441, 'P', '2014-09-11'); 
INSERT INTO laboratori.REACTIU VALUES (236678899991043, 'ALCOHOL TERBUTILIC','S0794867B', 15.2);
INSERT INTO laboratori.REACTIU VALUES (468678899922104, 'BUFFER DE REFERENCIA','S0794867B', 8.9);
INSERT INTO laboratori.REACTIU VALUES (334678899922221, 'XILENO', 'B67657189', 15.3);
INSERT INTO laboratori.REACTIU VALUES (1123344669922104, 'ACETONA', 'S0794867B', 7.9);
INSERT INTO laboratori.REACTIU VALUES (4499467889003002, 'ACIDO PERCLORICO ', 'B67657189', 12.3);
INSERT INTO laboratori.REACTIU VALUES (4686225588900041, 'SPINREACT', 'B13829940', 109.9);
INSERT INTO laboratori.REACTIU VALUES (77722678899922221, 'FERRITINA TURBI', 'B07633001', 35.0);
INSERT INTO laboratori.REACTIU VALUES (2289400144662104, 'BILIRRUBINA TOTAL', 'D48465058', 102.8);
INSERT INTO laboratori.REACTIU VALUES (936678899991043, 'CICLOHEXANOL','N4957698F', 155.2);
INSERT INTO laboratori.REACTIU VALUES (868678899922104, 'ACIDO CROMICO ','N4957698F', 88.9);
INSERT INTO laboratori.REACTIU VALUES (734678899922221, 'DIMETILFORMAMIDA', 'G19819226', 134.3);
INSERT INTO laboratori.REACTIU VALUES (6123344669922104, 'RANDOX', 'G19819226', 72.9);
INSERT INTO laboratori.REACTIU VALUES (336678899991043, 'SENTINEL', 'B13829940', 71.2);
INSERT INTO laboratori.REACTIU VALUES (4799225588900041, 'AGGAPE', 'B13829940', 104.9);
INSERT INTO laboratori.REACTIU VALUES (57722678899922221, 'SFRMI', 'N4957698F', 48.0);
INSERT INTO laboratori.REACTIU VALUES (2244400144662104, 'ISEKIT', 'D48465058', 23.8);
INSERT INTO laboratori.REACTIU VALUES (1235699656783002, 'URBEKIT', 'B07633001', 32.7);
INSERT INTO laboratori.REACTIU VALUES (116678899991013, 'SOBIODA','S0794867B', 12.2);
INSERT INTO laboratori.REACTIU VALUES (348678899922102, 'SEBIA','S0794867B', 18.9);
INSERT INTO laboratori.REACTIU VALUES (5623344669922102, 'CHEMAGIC', 'S0794867B', 71.9);
INSERT INTO laboratori.REACTIU VALUES (7799467889003033, 'CHROMAGAR', 'S5222498G', 32.3);
INSERT INTO laboratori.REACTIU VALUES (886678899991012, 'ABLITIC', 'B13829940', 27.2);
INSERT INTO laboratori.REACTIU VALUES (9886225588900024, 'VITORE', 'B13829940', 19.9);
INSERT INTO laboratori.REACTIU VALUES (237226788999222256, 'DIESTRO', 'S5222498G', 33.0);
INSERT INTO laboratori.REACTIU VALUES (67894001446621446, 'CELTRA', 'D48465058', 152.9);
INSERT INTO laboratori.REACTIU VALUES (13899899656783015, 'SEASON', 'B86910650', 124.4);
INSERT INTO laboratori.REACTIU VALUES (1566678899991067, 'ANALOX','S5222498G', 15.2);
INSERT INTO laboratori.REACTIU VALUES (1676788999221789, 'SENTIFIT','N4957698F', 89.9);
INSERT INTO laboratori.REACTIU VALUES (1786788999222243, 'DERBADRY', 'G19819226', 14.3);
INSERT INTO laboratori.REACTIU VALUES (1373344669922123, 'RANDIL', 'G19819226', 77.9);
INSERT INTO laboratori.REACTIU VALUES (1349467889003003, 'ERBOCA', 'G19819226', 11.3);
INSERT INTO laboratori.REACTIU VALUES (1332678899991042, 'SANTEX', 'B13829940', 71.2);
INSERT INTO laboratori.REACTIU VALUES (234225588900045, 'AGARBI', 'B13829940', 14.9);
INSERT INTO laboratori.REACTIU VALUES (33422678899922255, 'SOFINTA', 'G19819226', 44.8);
INSERT INTO laboratori.REACTIU VALUES (23354400144662133, 'VOLIXKIT', 'D48465058', 53.8);
INSERT INTO laboratori.REACTIU VALUES (34466996567830067, 'KITEXX', 'G19819226', 38.7);
INSERT INTO laboratori.REACTIU VALUES (2267889003033, 'MICROPOR', 'D48465058', 234.3);
INSERT INTO laboratori.REACTIU VALUES (338899991012, 'KAPA SYBR', 'B13829940', 28.2);
INSERT INTO laboratori.REACTIU VALUES (4425588900024, 'REDExtract-N', 'B13829940', 199.9);
INSERT INTO laboratori.REACTIU VALUES (556788999222256, 'Betaína solution,', 'S5222498G', 331.0);
INSERT INTO laboratori.REACTIU VALUES (66001446621446, 'FastStart Universal ', 'D48465058', 123.9);
INSERT INTO laboratori.REACTIU VALUES (77899656783015, 'EagleTaq', 'B86910650', 125.4);
INSERT INTO laboratori.REACTIU VALUES (8878899991067, 'QR0200','S5222498G', 151.2);
INSERT INTO laboratori.REACTIU VALUES (3388999221789, 'KCQS09','N4957698F', 96.9);
INSERT INTO laboratori.REACTIU VALUES (1188999222243, 'SYBR', 'D48465058', 260.3);
INSERT INTO laboratori.REACTIU VALUES (2244669922123, 'THIFICDNARO', 'G19819226', 450.9);
INSERT INTO laboratori.REACTIU VALUES (44889003003, 'MQuanStripScan', 'D48465058', 110.3);
INSERT INTO laboratori.REACTIU VALUES (2478899991042, 'REFLECTOQUA', 'B13829940', 178.2);
INSERT INTO laboratori.REACTIU VALUES (675588900045, 'Histopaque', 'B13829940', 111.9);
INSERT INTO laboratori.REACTIU VALUES (88678899922255, 'Triton', 'G19819226', 424.8);
INSERT INTO laboratori.REACTIU VALUES (99400144662133, 'Percoll', 'D48465058', 513.9);
INSERT INTO laboratori.REACTIU VALUES (91996567830067, 'Ponceau S solution', 'B13829940', 378.7);
INSERT INTO laboratori.REACTIU VALUES (23678978899991043, 'SALICILAT DE METIL', 'B13829940', 7.2);
INSERT INTO laboratori.REACTIU VALUES (99899899656783002, 'HEMOGLOBINA GLICO', 'B86910650', 122.4);
INSERT INTO laboratori.REACTIU VALUES (4499467889003033, 'ERBA', 'G19819226', 122.3);
INSERT INTO laboratori.REACTIU VALUES (254678899922222, 'BIOMEDKIT', 'S5222498G', 11.3);
INSERT INTO laboratori.TEST VALUES(0003454835998,000000223,38702232,39217333,116678899991013,'https://www.cemedioc.cat/resultats/pdfs/0003454835998.pdf','2015-05-23', 125.0);
INSERT INTO laboratori.TEST VALUES(0003454835999,000000224,38702232,49076345,6123344669922104,'https://www.cemedioc.cat/resultats/pdfs/0003454835999.pdf','2015-05-20',140.0);
INSERT INTO laboratori.TEST VALUES(00034548359100,000000225, 38702232,63827345,3388999221789,'https://www.cemedioc.cat/resultats/pdfs/00034548359100.pdf','2015-05-20',122.0);
INSERT INTO laboratori.TEST VALUES(00034548359101,000000226,38702232,39217333,116678899991013,'https://www.cemedioc.cat/resultats/pdfs/00034548359101.pdf','2016-04-13', 125.0);
INSERT INTO laboratori.TEST VALUES(00034548359102,000000227,38702232,49076345,6123344669922104,'https://www.cemedioc.cat/resultats/pdfs/00034548359102.pdf','2016-04-13',140.0);
INSERT INTO laboratori.TEST VALUES(00034548359103,000000228, 38702232,63827345,3388999221789,'https://www.cemedioc.cat/resultats/pdfs/00034548359103.pdf','2016-04-13',122.0);
INSERT INTO laboratori.TEST VALUES(00034548359104,000000229,38702232,39217333,116678899991013,'https://www.cemedioc.cat/resultats/pdfs/00034548359104.pdf','2017-03-22', 125.0);
INSERT INTO laboratori.TEST VALUES(00034548359105,000000230,38702232,49076345,6123344669922104,'https://www.cemedioc.cat/resultats/pdfs/00034548359105.pdf','2017-03-22',140.0);
INSERT INTO laboratori.TEST VALUES(00034548359106,000000231,38702232,63827345,3388999221789,'https://www.cemedioc.cat/resultats/pdfs/00034548359106.pdf','2017-03-22',122.0);
INSERT INTO laboratori.TEST VALUES(00034548359107,000000232,38702232,39217333,116678899991013,'https://www.cemedioc.cat/resultats/pdfs/00034548359107.pdf','2018-06-15',125.0);
INSERT INTO laboratori.TEST VALUES(00034548359108,000000233, 38702232,49076345,6123344669922104,'https://www.cemedioc.cat/resultats/pdfs/00034548359108.pdf','2018-06-15',140.0);
INSERT INTO laboratori.TEST VALUES(00034548359109,000000234, 38702232,63827345,3388999221789,'https://www.cemedioc.cat/resultats/pdfs/00034548359109.pdf','2018-06-15',122.0);
INSERT INTO laboratori.TEST VALUES(00034548359110,000000223,43827345,39217333,116678899991013,'https://www.cemedioc.cat/resultats/pdfs/00034548359110.pdf','2014-04-23',125.0);
INSERT INTO laboratori.TEST VALUES(00034548359111,000000224,43827345,49076345,6123344669922104,'https://www.cemedioc.cat/resultats/pdfs/00034548359111.pdf','2014-04-23',140.0);
INSERT INTO laboratori.TEST VALUES(00034548359112,000000225, 43827345,63827345,3388999221789,'https://www.cemedioc.cat/resultats/pdfs/00034548359112.pdf','2014-04-23',122.0);
INSERT INTO laboratori.TEST VALUES(00034548359113,000000226,43827345,39217333,116678899991013,'https://www.cemedioc.cat/resultats/pdfs/00034548359113.pdf','2016-02-23',125.0);
INSERT INTO laboratori.TEST VALUES(00034548359114,000000227,43827345,49076345,6123344669922104,'https://www.cemedioc.cat/resultats/pdfs/00034548359114.pdf','2016-02-23',140.0);
INSERT INTO laboratori.TEST VALUES(00034548359115,000000228, 43827345,63827345,3388999221789,'https://www.cemedioc.cat/resultats/pdfs/00034548359115.pdf','2016-02-23',122.0);
INSERT INTO laboratori.TEST VALUES(00034548359116,000000229, 43827345,39217333,116678899991013,'https://www.cemedioc.cat/resultats/pdfs/00034548359116.pdf','2019-07-02',125.0);
INSERT INTO laboratori.TEST VALUES(00034548359117,000000230, 43827345,49076345,6123344669922104,'https://www.cemedioc.cat/resultats/pdfs/00034548359117.pdf','2019-07-02',140.0);
INSERT INTO laboratori.TEST VALUES(00034548359118,000000231, 43827345,63827345,3388999221789,'https://www.cemedioc.cat/resultats/pdfs/00034548359118.pdf','2019-07-02',122.0);
INSERT INTO laboratori.TEST VALUES(00034548359119,000000232, 43827345,39217333,116678899991013,'https://www.cemedioc.cat/resultats/pdfs/00034548359119.pdf','2021-08-06',125.0);
INSERT INTO laboratori.TEST VALUES(00034548359120,000000233, 43827345,49076345,6123344669922104,'https://www.cemedioc.cat/resultats/pdfs/00034548359120.pdf','2021-08-06',140.0);
INSERT INTO laboratori.TEST VALUES(00034548359121,000000234, 43827345,63827345,3388999221789,'https://www.cemedioc.cat/resultats/pdfs/00034548359121.pdf','2021-08-06',122.0);
INSERT INTO laboratori.TEST VALUES(00034548359122,000000223,38002245,64823678,237226788999222256,'https://www.cemedioc.cat/resultats/pdfs/00034548359122.pdf','2011-03-23',176.0);
INSERT INTO laboratori.TEST VALUES(00034548359123,000000224,38002245,44024679,23354400144662133,'https://www.cemedioc.cat/resultats/pdfs/00034548359123.pdf','2011-03-23',154.0);
INSERT INTO laboratori.TEST VALUES(00034548359124,000000225, 38002245,64823678,237226788999222256,'https://www.cemedioc.cat/resultats/pdfs/00034548359124.pdf','2011-10-13',176.0);
INSERT INTO laboratori.TEST VALUES(00034548359125,000000226,38002245,44024679,23354400144662133,'https://www.cemedioc.cat/resultats/pdfs/00034548359125.pdf','2011-10-13',154.0);
INSERT INTO laboratori.TEST VALUES(00034548359126,000000227,38002245,64823678,237226788999222256,'https://www.cemedioc.cat/resultats/pdfs/00034548359126.pdf','2012-04-16',176.0);
INSERT INTO laboratori.TEST VALUES(00034548359127,000000228,38002245,44024679,23354400144662133,'https://www.cemedioc.cat/resultats/pdfs/00034548359127.pdf','2012-04-16',154.0);
INSERT INTO laboratori.TEST VALUES(00034548359128,000000224,46658496,64823678,237226788999222256,'https://www.cemedioc.cat/resultats/pdfs/00034548359128.pdf','2011-10-10',176.0);
INSERT INTO laboratori.TEST VALUES(00034548359129,000000225,46658496,44024679,23354400144662133,'https://www.cemedioc.cat/resultats/pdfs/00034548359129.pdf','2011-10-10',154.0);
INSERT INTO laboratori.TEST VALUES(00034548359130,000000227,46658496,64823678,237226788999222256,'https://www.cemedioc.cat/resultats/pdfs/00034548359130.pdf','2012-01-19',176.0);
INSERT INTO laboratori.TEST VALUES(00034548359131,000000228,46658496,44024679,23354400144662133,'https://www.cemedioc.cat/resultats/pdfs/00034548359131.pdf','2012-01-19',154.0);
INSERT INTO laboratori.TEST VALUES(00034548359132,000000229,46658496,64823678,237226788999222256,'https://www.cemedioc.cat/resultats/pdfs/00034548359132.pdf','2013-04-25',176.0);
INSERT INTO laboratori.TEST VALUES(00034548359133,000000230,46658496,44024679,23354400144662133,'https://www.cemedioc.cat/resultats/pdfs/00034548359133.pdf','2013-04-25',154.0);
INSERT INTO laboratori.TEST VALUES(00034548359134,000000127, 33317322,64823678,237226788999222256,'https://www.cemedioc.cat/resultats/pdfs/00034548359134.pdf','2021-01-10',176.0);
INSERT INTO laboratori.TEST VALUES(00034548359135,000000128, 33317322,44024679,23354400144662133,'https://www.cemedioc.cat/resultats/pdfs/00034548359135.pdf','2021-01-10',154.0);
INSERT INTO laboratori.TEST VALUES(00034548359136,000000129,33317322,64823678,237226788999222256,'https://www.cemedioc.cat/resultats/pdfs/00034548359136.pdf','2021-07-25',176.0);
INSERT INTO laboratori.TEST VALUES(00034548359137,000000130, 33317322,44024679,23354400144662133,'https://www.cemedioc.cat/resultats/pdfs/00034548359137.pdf','2021-07-25',154.0);
INSERT INTO laboratori.TEST VALUES(00034548359138,000000225, 39076322,39217333,116678899991013,'https://www.cemedioc.cat/resultats/pdfs/00034548359138.pdf','2011-10-10',125.0);
INSERT INTO laboratori.TEST VALUES(00034548359139,000000226, 39076322,49076345,6123344669922104,'https://www.cemedioc.cat/resultats/pdfs/00034548359139.pdf','2012-01-19',140.0);
INSERT INTO laboratori.TEST VALUES(00034548359140,000000227, 39076322,63827345,3388999221789,'https://www.cemedioc.cat/resultats/pdfs/00034548359140.pdf','2012-01-19',122.0);
INSERT INTO laboratori.TEST VALUES(00034548359141,000000228, 39076322,39217333,116678899991013,'https://www.cemedioc.cat/resultats/pdfs/00034548359141.pdf','2013-04-25',125.0);
INSERT INTO laboratori.TEST VALUES(00034548359142,000000229, 39076322,49076345,6123344669922104,'https://www.cemedioc.cat/resultats/pdfs/00034548359142.pdf','2013-04-25',140.0);
INSERT INTO laboratori.TEST VALUES(00034548359143,000000125, 39076322,63827345,3388999221789,'https://www.cemedioc.cat/resultats/pdfs/00034548359143.pdf','2021-01-05',122.0);
INSERT INTO laboratori.TEST VALUES(00034548359144,000000126, 39076322,39217333,116678899991013,'https://www.cemedioc.cat/resultats/pdfs/00034548359144.pdf','2021-01-05',125.0);
INSERT INTO laboratori.TEST VALUES(00034548359145,000000128, 39076322,49076345,6123344669922104,'https://www.cemedioc.cat/resultats/pdfs/00034548359145.pdf','2021-07-18',140.0);
INSERT INTO laboratori.TEST VALUES(00034548359146,000000129, 39076322,63827345,3388999221789,'https://www.cemedioc.cat/resultats/pdfs/00034548359146.pdf','2021-07-18',122.0);
INSERT INTO laboratori.TEST VALUES(00034548359147,000000325, 48004645,39217333,116678899991013,'https://www.cemedioc.cat/resultats/pdfs/00034548359147.pdf','2021-01-19',125.0);
INSERT INTO laboratori.TEST VALUES(00034548359148,000000326, 48004645,49076345,6123344669922104,'https://www.cemedioc.cat/resultats/pdfs/00034548359148.pdf','2021-01-19',140.0);
INSERT INTO laboratori.TEST VALUES(00034548359149,000000327, 48004645,63827345,3388999221789,'https://www.cemedioc.cat/resultats/pdfs/00034548359149.pdf','2021-01-19',122.0);
INSERT INTO laboratori.TEST VALUES(00034548359150,000000328, 48004645,39217333,116678899991013,'https://www.cemedioc.cat/resultats/pdfs/00034548359150.pdf','2021-04-25',125.0);
INSERT INTO laboratori.TEST VALUES(00034548359151,000000329, 48004645,49076345,6123344669922104,'https://www.cemedioc.cat/resultats/pdfs/00034548359151.pdf','2021-04-25',140.0);
INSERT INTO laboratori.TEST VALUES(00034548359152,000000330, 48004645,63827345,3388999221789,'https://www.cemedioc.cat/resultats/pdfs/00034548359152.pdf','2021-04-25',122.0);
INSERT INTO laboratori.TEST VALUES(00034548359153,000000331, 48004645,39217333,116678899991013,'https://www.cemedioc.cat/resultats/pdfs/00034548359153.pdf','2022-07-19',125.0);
INSERT INTO laboratori.TEST VALUES(00034548359154,000000332, 48004645,49076345,6123344669922104,'https://www.cemedioc.cat/resultats/pdfs/00034548359154.pdf','2022-07-19',140.0);
INSERT INTO laboratori.TEST VALUES(00034548359155,000000333, 48004645,63827345,3388999221789,'https://www.cemedioc.cat/resultats/pdfs/00034548359155.pdf','2022-07-19',122.0);
INSERT INTO laboratori.TEST VALUES(00034548359156,000000325, 36658456,39217333,116678899991013,'https://www.cemedioc.cat/resultats/pdfs/00034548359156.pdf','2018-03-27',125.0);
INSERT INTO laboratori.TEST VALUES(00034548359157,000000326, 36658456,49076345,6123344669922104,'https://www.cemedioc.cat/resultats/pdfs/00034548359157.pdf','2018-03-27',140.0);
INSERT INTO laboratori.TEST VALUES(00034548359158,000000327, 36658456,63827345,3388999221789,'https://www.cemedioc.cat/resultats/pdfs/00034548359158.pdf','2018-03-27',122.0);
INSERT INTO laboratori.TEST VALUES(00034548359159,000000328, 36658456,39217333,116678899991013,'https://www.cemedioc.cat/resultats/pdfs/00034548359159.pdf','2019-01-19',125.0);
INSERT INTO laboratori.TEST VALUES(00034548359160,000000329, 36658456,49076345,6123344669922104,'https://www.cemedioc.cat/resultats/pdfs/00034548359160.pdf','2019-01-19',140.0);
INSERT INTO laboratori.TEST VALUES(00034548359161,000000330, 36658456,63827345,3388999221789,'https://www.cemedioc.cat/resultats/pdfs/00034548359161.pdf','2019-01-19',122.0);
INSERT INTO laboratori.TEST VALUES(00034548359162,000000331, 36658456,39217333,116678899991013,'https://www.cemedioc.cat/resultats/pdfs/00034548359162.pdf','2020-07-12',125.0);
INSERT INTO laboratori.TEST VALUES(00034548359163,000000332, 36658456,49076345,6123344669922104,'https://www.cemedioc.cat/resultats/pdfs/00034548359163.pdf','2020-07-12',140.0);
INSERT INTO laboratori.TEST VALUES(00034548359164,000000333, 36658456,63827345,3388999221789,'https://www.cemedioc.cat/resultats/pdfs/00034548359164.pdf','2020-07-12',122.0);
INSERT INTO laboratori.TEST VALUES(00034548359165,000000342, 38702444,64823678,237226788999222256,'https://www.cemedioc.cat/resultats/pdfs/00034548359165.pdf','2013-08-12',122.0);
INSERT INTO laboratori.TEST VALUES(00034548359166,000000343, 38702444,44024679,23354400144662133,'https://www.cemedioc.cat/resultats/pdfs/00034548359166.pdf','2013-08-12',125.0);
INSERT INTO laboratori.TEST VALUES(00034548359167,000000442, 45322441,64823678,237226788999222256,'https://www.cemedioc.cat/resultats/pdfs/00034548359167.pdf','2014-10-11',140.0);
INSERT INTO laboratori.TEST VALUES(00034548359168,000000443, 45322441,44024679,23354400144662133,'https://www.cemedioc.cat/resultats/pdfs/00034548359168.pdf','2014-10-11',122.0);
INSERT INTO clinica.CONSULTORI VALUES(000023,'pis 2 porta 4','20');
INSERT INTO clinica.CONSULTORI VALUES(000024,'pis 2 porta 3','20');
INSERT INTO clinica.CONSULTORI VALUES(000025,'pis 2 porta 6','25');
INSERT INTO clinica.CONSULTORI VALUES(000026,'pis 2 porta 7','25');
INSERT INTO clinica.CONSULTORI VALUES(000027,'pis 2 porta 4','20');
INSERT INTO clinica.CONSULTORI VALUES(000028,'pis 1 porta 3','20');
INSERT INTO clinica.CONSULTORI VALUES(000029,'pis 1 porta 6','25');
INSERT INTO clinica.CONSULTORI VALUES(000030,'pis 1 porta 7','25');
INSERT INTO clinica.CONSULTORI VALUES(000031,'pis 2 porta 10','22');
INSERT INTO clinica.CONSULTORI VALUES(000032,'pis 2 porta 11','22');
INSERT INTO clinica.CONSULTORI VALUES(000033,'pis 2 porta 12','28');
INSERT INTO clinica.CONSULTORI VALUES(000034,'pis 2 porta 20','28');
INSERT INTO clinica.VISITA VALUES(00055687321,38702232,43995635,000033,'https://www.cemedioc.cat/infomes/pdfs/00055687321.pdf','2015-04-23',75);
INSERT INTO clinica.VISITA VALUES(00055687232,38702232,43995635,000033,'https://www.cemedioc.cat/infomes/pdfs/00055687232.pdf','2016-03-13',50);
INSERT INTO clinica.VISITA VALUES(00057898834,38702232,43995635,000033,'https://www.cemedioc.cat/infomes/pdfs/00057898834.pdf','2017-02-22',50);
INSERT INTO clinica.VISITA VALUES(00057898998,38702232,43995635,000028,'https://www.cemedioc.cat/infomes/pdfs/00057898998.pdf','2018-05-18',50);
INSERT INTO clinica.VISITA VALUES(00067990212,43827345,30995635,000029,'https://www.cemedioc.cat/infomes/pdfs/00067990212.pdf','2014-03-23',75);
INSERT INTO clinica.VISITA VALUES(00067990423,43827345,30995635,000029,'https://www.cemedioc.cat/infomes/pdfs/00067990423.pdf','2016-01-23',50);
INSERT INTO clinica.VISITA VALUES(00067990567,43827345,30995635,000024,'https://www.cemedioc.cat/infomes/pdfs/00067990567.pdf','2019-06-02',50);
INSERT INTO clinica.VISITA VALUES(00067990667,43827345,30995635,000024,'https://www.cemedioc.cat/infomes/pdfs/00067990667.pdf','2021-07-06',50);
INSERT INTO clinica.VISITA VALUES(00067990778,38002245,30995635,000029,'https://www.cemedioc.cat/infomes/pdfs/00067990778.pdf','2011-02-23',50);
INSERT INTO clinica.VISITA VALUES(00067990889,38002245,30995635,000024,'https://www.cemedioc.cat/infomes/pdfs/00067990889.pdf','2011-09-13',50);
INSERT INTO clinica.VISITA VALUES(00067990998,38002245,30995635,000024,'https://www.cemedioc.cat/infomes/pdfs/00067990998.pdf','2012-03-15',50);
INSERT INTO clinica.VISITA VALUES(00077990778,46658496,43995635,000034,'https://www.cemedioc.cat/infomes/pdfs/00077990778.pdf','2011-09-10',50);
INSERT INTO clinica.VISITA VALUES(00078990882,46658496,43995635,000034,'https://www.cemedioc.cat/infomes/pdfs/00078990882.pdf','2011-12-19',50);
INSERT INTO clinica.VISITA VALUES(00079990991,46658496,43995635,000034,'https://www.cemedioc.cat/infomes/pdfs/00079990991.pdf','2013-03-25',80);
INSERT INTO clinica.VISITA VALUES(00088995382,33317322,43995635,000027,'https://www.cemedioc.cat/infomes/pdfs/00088995382.pdf','2011-12-19',60);
INSERT INTO clinica.VISITA VALUES(00089995491,33317322,43995635,000028,'https://www.cemedioc.cat/infomes/pdfs/00089995491.pdf','2013-03-25',60);
INSERT INTO clinica.VISITA VALUES(00179990991,39076322,34663678,000028,'https://www.cemedioc.cat/infomes/pdfs/00179990991.pdf','2011-09-10',90);
INSERT INTO clinica.VISITA VALUES(00188995382,39076322,34663678,000028,'https://www.cemedioc.cat/infomes/pdfs/00188995382.pdf','2013-03-25',90);
INSERT INTO clinica.VISITA VALUES(00189995491,39076322,34663678,000028,'https://www.cemedioc.cat/infomes/pdfs/00189995491.pdf','2020-12-05',90);
INSERT INTO clinica.VISITA VALUES(00279990923,48004645,34835338,000029,'https://www.cemedioc.cat/infomes/pdfs/00279990923.pdf','2020-12-19',80);
INSERT INTO clinica.VISITA VALUES(00288995324,48004645,34835338,000029,'https://www.cemedioc.cat/infomes/pdfs/00288995324.pdf','2021-03-25',80);
INSERT INTO clinica.VISITA VALUES(00289995425,48004645,34835338,000029,'https://www.cemedioc.cat/infomes/pdfs/00289995425.pdf','2022-06-19',80);
INSERT INTO clinica.VISITA VALUES(00279990969,36658456,74835998,000026,'https://www.cemedioc.cat/infomes/pdfs/00279990969.pdf','2018-02-27',75);
INSERT INTO clinica.VISITA VALUES(00288995389,36658456,74835998,000026,'https://www.cemedioc.cat/infomes/pdfs/00288995389.pdf','2018-12-19',75);
INSERT INTO clinica.VISITA VALUES(00389995499,36658456,74835998,000026,'https://www.cemedioc.cat/infomes/pdfs/00389995499.pdf','2020-06-12',75);
INSERT INTO clinica.VISITA VALUES(00388995389,38702444,30995635,000032,'https://www.cemedioc.cat/infomes/pdfs/00388995389.pdf','2013-07-12',75);
INSERT INTO clinica.VISITA VALUES(00489995499,38702444,30995635,000032,'https://www.cemedioc.cat/infomes/pdfs/00489995499.pdf','2014-09-11',75);



  
 

 
 
